location_key,city,state,country,normalized_location,remote_type
1,Eugene,,,,On-site
2,"Ya芒聙聶ngamdo, ",,,,On-site
3,"猫聥聫氓路聻, ",,,,On-site
4,"忙聺颅氓路聻, ",,,,On-site
5,,,,,On-site
6,"Amreli, ",,,,On-site
7,"Time, ",,,,On-site
8,"Madison, Madison, Georgia, United States",,,,On-site
9,"Indore, ",,,,On-site
10,"Serilingampalli, ",,,,On-site
11,"Mount Dora, ",,,,On-site
12,"Espa脙卤a, ",,,,On-site
13,"Australia, ",,,,On-site
14,"Burlington, ",,,,On-site
15,"Dallas-Fort Worth Metroplex, ",,,,On-site
16,"New York, New York, New York, United States",,,,On-site
17,"Guayama, ",,,,On-site
18,"Can脙鲁vanas, ",,,,On-site
19,"Washington, Washington, District of Columbia, United States",,,,On-site
20,"氓聨娄茅聴篓, ",,,,On-site
21,"Pennsylvania, Pennsylvania, United States",,,,On-site
22,"United Kingdom, ",,,,On-site
23,"Madrid, Madrid, Comunidad de Madrid, Espa脙卤a",,,,On-site
24,Washington DC-Baltimore Area,,,,On-site
25,McLean,,,,On-site
26,Canada,,,,On-site
27,Remote,,,,Remote
28,"El Dorado, ",,,,On-site
29,"Madison, ",,,,On-site
30,"Joint Base Pearl Harbor-Hickam, ",,,,On-site
31,"San Carlos, ",,,,On-site
32,"Toronto, Toronto, Ontario, Canada",,,,On-site
33,"Nanaimo, ",,,,On-site
34,"Mandaluyong, Mandaluyong, National Capital Region, Philippines",,,,On-site
35,"Quezon City, Quezon City, National Capital Region, Philippines",,,,On-site
36,"Taguig, Taguig, National Capital Region, Philippines",,,,On-site
37,"San Jose, San Jose, California, United States",,,,On-site
38,"San Juan, ",,,,On-site
39,"Hamilton, ",,,,On-site
40,"San Francisco, ",,,,On-site
41,"United States, ",,,,On-site
42,"Remote, ",,,,Remote
43,"Alwal, ",,,,On-site
44,"New Westminster, ",,,,On-site
45,"Palo Alto, Palo Alto, California, United States",,,,On-site
46,"Arlington County, ",,,,On-site
47,"George Town, ",,,,On-site
48,"New York, New York, United States",,,,On-site
49,"Georgia, Georgia, United States",,,,On-site
50,"India, ",,,,On-site
51,"Chandigarh, Chandigarh, India",,,,On-site
52,New York City Metropolitan Area,,,,On-site
53,"Milano, ",,,,On-site
54,"Moirang, ",,,,On-site
55,"Arecibo, ",,,,On-site
56,"France, ",,,,On-site
57,"脴搂脵聞脵聟脴炉脵聤脵聠脴漏, 脴搂脵聞脵聟脴炉脵聤脵聠脴漏 脴搂脵聞脵聟脴炉脵聤脵聠脴漏 脴搂脵聞脴鲁脴鹿脵聢脴炉脵聤脴漏",,,,On-site
58,"International, ",,,,On-site
59,"Santo Domingo Este, ",,,,On-site
60,"Brasil, ",,,,On-site
61,S脙拢o Paulo,,,,On-site
62,"Dallas, Dallas, Texas, United States",,,,On-site
63,"Brisbane, ",,,,On-site
64,"US Remote, ",,,,Remote
65,"Ontario, Ontario, Canada",,,,On-site
66,"Englewood, Englewood, Florida, United States",,,,On-site
67,"Letchworth, ",,,,On-site
68,"Cardiff, ",,,,On-site
69,"Chicago, Chicago, Illinois, United States",,,,On-site
70,"White Plains, White Plains, New York, United States",,,,On-site
71,"Managua, ",,,,On-site
72,Dallas-Fort Worth Metroplex,,,,On-site
73,"Isleworth, ",,,,On-site
74,"脴搂脵聞脴卤脵聤脴搂脴露, 脴搂脵聞脴卤脵聤脴搂脴露 脴搂脵聞脴鲁脴鹿脵聢脴炉脵聤脴漏",,,,On-site
75,"Navi Mumbai, Navi Mumbai, Maharashtra, India",,,,On-site
76,Ya芒聙聶ngamdo,,,,On-site
77,猫聥聫氓路聻,,,,On-site
78,忙聺颅氓路聻,,,,On-site
79,Unknown,,,,On-site
80,Amreli,,,,On-site
81,Time,,,,On-site
82,Madison,,,,On-site
83,Indore,,,,On-site
84,Serilingampalli,,,,On-site
85,Mount Dora,,,,On-site
86,Espa脙卤a,,,,On-site
87,Australia,,,,On-site
88,Burlington,,,,On-site
89,New York,New York,United States,,On-site
90,Guayama,,,,On-site
91,Can脙鲁vanas,,,,On-site
92,Washington,Washington,"District of Columbia, United States",,On-site
93,氓聨娄茅聴篓,,,,On-site
94,Pennsylvania,Pennsylvania,United States,,On-site
95,United Kingdom,,,,On-site
96,Madrid,Madrid,"Comunidad de Madrid, Espa脙卤a",,On-site
97,El Dorado,,,,On-site
98,Joint Base Pearl Harbor-Hickam,,,,On-site
99,San Carlos,,,,On-site
100,Toronto,Toronto,"Ontario, Canada",,On-site
101,Nanaimo,,,,On-site
102,Mandaluyong,Mandaluyong,"National Capital Region, Philippines",,On-site
103,Quezon City,Quezon City,"National Capital Region, Philippines",,On-site
104,Taguig,Taguig,"National Capital Region, Philippines",,On-site
105,San Jose,San Jose,"California, United States",,On-site
106,San Juan,,,,On-site
107,Hamilton,,,,On-site
108,San Francisco,,,,On-site
109,United States,,,,On-site
110,Alwal,,,,On-site
111,New Westminster,,,,On-site
112,Palo Alto,Palo Alto,"California, United States",,On-site
113,Arlington County,,,,On-site
114,George Town,,,,On-site
115,Georgia,Georgia,United States,,On-site
116,India,,,,On-site
117,Chandigarh,Chandigarh,India,,On-site
118,Milano,,,,On-site
119,Moirang,,,,On-site
120,Arecibo,,,,On-site
121,France,,,,On-site
122,脴搂脵聞脵聟脴炉脵聤脵聠脴漏,脴搂脵聞脵聟脴炉脵聤脵聠脴漏 脴搂脵聞脵聟脴炉脵聤脵聠脴漏 脴搂脵聞脴鲁脴鹿脵聢脴炉脵聤脴漏,,,On-site
123,International,,,,On-site
124,Santo Domingo Este,,,,On-site
125,Brasil,,,,On-site
126,Dallas,Dallas,Texas,,On-site
127,Brisbane,,,,On-site
128,Ontario,Ontario,Canada,,On-site
129,Englewood,Englewood,Florida,,On-site
130,Letchworth,,,,On-site
131,Cardiff,,,,On-site
132,Chicago,Chicago,"Illinois, United States",,On-site
133,White Plains,White Plains,New York,,On-site
134,Managua,,,,On-site
135,Isleworth,,,,On-site
136,脴搂脵聞脴卤脵聤脴搂脴露,脴搂脵聞脴卤脵聤脴搂脴露 脴搂脵聞脴鲁脴鹿脵聢脴炉脵聤脴漏,,,On-site
137,Navi Mumbai,Navi Mumbai,Maharashtra,,On-site
138,England,England,United Kingdom,,On-site
139,Hong Kong,Hong Kong,Hong Kong SAR,,On-site
140,Friesland,Friesland,Nederland,,On-site
141,Los Angeles Metropolitan Area,,,,On-site
142,New York City,,,,On-site
143,Detroit,Detroit,"Michigan, United States",,On-site
144,Thiruvananthapuram,,,,On-site
145,Lima,Lima,Per脙潞,,On-site
146,Salvador,Salvador,"Bahia, Brasil",,On-site
147,脴拢脴篓脵聢 脴赂脴篓脵聤,,,,On-site
148,London,,,,On-site
149,Mangaluru,,,,On-site
150,脵聟脴鲁脵聜脴路,,,,On-site
151,Kathmandu,,,,On-site
152,Unknown,,,,On-site
153,England,England,United Kingdom,"England, England, United Kingdom",On-site
154,脴搂脵聞脵 脴 虅脵聤脵聠脴漏,脴搂脵聞脵 脴 虅脵聤脵聠脴漏 脴搂脵聞脵 脴 虅脵聤脵聠脴漏 脴搂脵聞脴3脴1脵聢脴 虅脵聤脴漏,,"脴搂脵聞脵 脴 虅脵聤脵聠脴漏, 脴搂脵聞脵 脴 虅脵聤脵聠脴漏 脴搂脵聞脵 脴 虅脵聤脵聠脴漏 脴搂脵聞脴3脴1脵聢脴 虅脵聤脴漏",On-site
155,Hong Kong,Hong Kong,Hong Kong SAR,"Hong Kong, Hong Kong, Hong Kong SAR",On-site
156,Friesland,Friesland,Nederland,"Friesland, Friesland, Nederland",On-site
157,Los Angeles Metropolitan Area,,,Los Angeles Metropolitan Area,On-site
158,New York City,,,New York City,On-site
159,Chicago,Chicago,"Illinois, United States","Chicago, Chicago, Illinois, United States",On-site
160,Detroit,Detroit,"Michigan, United States","Detroit, Detroit, Michigan, United States",On-site
161,Toronto,Toronto,"Ontario, Canada","Toronto, Toronto, Ontario, Canada",On-site
162,United States,,,United States,On-site
163,Thiruvananthapuram,,,Thiruvananthapuram,On-site
164,Eugene,,,Eugene,On-site
165,Ya芒聙聶ngamdo,,,Ya芒聙聶ngamdo,On-site
166,猫聥聫氓路聻,,,猫聥聫氓路聻,On-site
167,忙聺颅氓路聻,,,忙聺颅氓路聻,On-site
168,Amreli,,,Amreli,On-site
169,Time,,,Time,On-site
170,Madison,Madison,"Georgia, United States","Madison, Madison, Georgia, United States",On-site
171,Indore,,,Indore,On-site
172,Serilingampalli,,,Serilingampalli,On-site
173,Mount Dora,,,Mount Dora,On-site
174,Espa脙卤a,,,Espa脙卤a,On-site
175,Australia,,,Australia,On-site
176,Burlington,,,Burlington,On-site
177,Dallas-Fort Worth Metroplex,,,Dallas-Fort Worth Metroplex,On-site
178,New York,New York,"New York, United States","New York, New York, New York, United States",On-site
179,Lima,Lima,Per脙o,"Lima, Lima, Per脙o",On-site
180,Guayama,,,Guayama,On-site
181,Can脙3vanas,,,Can脙3vanas,On-site
182,Washington,Washington,"District of Columbia, United States","Washington, Washington, District of Columbia, United States",On-site
183,氓聨娄茅聴 虉,,,氓聨娄茅聴 虉,On-site
184,Salvador,Salvador,"Bahia, Brasil","Salvador, Salvador, Bahia, Brasil",On-site
185,脴拢脴 虉脵聢 脴 抬脴 虉脵聤,,,脴拢脴 虉脵聢 脴 抬脴 虉脵聤,On-site
186,Pennsylvania,Pennsylvania,United States,"Pennsylvania, Pennsylvania, United States",On-site
187,United Kingdom,,,United Kingdom,On-site
188,Madrid,Madrid,"Comunidad de Madrid, Espa脙卤a","Madrid, Madrid, Comunidad de Madrid, Espa脙卤a",On-site
189,Washington DC-Baltimore Area,,,Washington DC-Baltimore Area,On-site
190,McLean,,,McLean,On-site
191,Canada,,,Canada,On-site
192,Remote,,,,Remote
193,El Dorado,,,El Dorado,On-site
194,Madison,,,Madison,On-site
195,Joint Base Pearl Harbor-Hickam,,,Joint Base Pearl Harbor-Hickam,On-site
196,San Carlos,,,San Carlos,On-site
197,Nanaimo,,,Nanaimo,On-site
198,Mandaluyong,Mandaluyong,"National Capital Region, Philippines","Mandaluyong, Mandaluyong, National Capital Region, Philippines",On-site
199,Quezon City,Quezon City,"National Capital Region, Philippines","Quezon City, Quezon City, National Capital Region, Philippines",On-site
200,Taguig,Taguig,"National Capital Region, Philippines","Taguig, Taguig, National Capital Region, Philippines",On-site
201,San Jose,San Jose,"California, United States","San Jose, San Jose, California, United States",On-site
202,San Juan,,,San Juan,On-site
203,Hamilton,,,Hamilton,On-site
204,San Francisco,,,San Francisco,On-site
205,Remote,,,Remote,Remote
206,Alwal,,,Alwal,On-site
207,New Westminster,,,New Westminster,On-site
208,Palo Alto,Palo Alto,"California, United States","Palo Alto, Palo Alto, California, United States",On-site
209,Arlington County,,,Arlington County,On-site
210,George Town,,,George Town,On-site
211,New York,New York,United States,"New York, New York, United States",On-site
212,Georgia,Georgia,United States,"Georgia, Georgia, United States",On-site
213,India,,,India,On-site
214,Chandigarh,Chandigarh,India,"Chandigarh, Chandigarh, India",On-site
215,London,,,London,On-site
216,New York City Metropolitan Area,,,New York City Metropolitan Area,On-site
217,Mangaluru,,,Mangaluru,On-site
218,Milano,,,Milano,On-site
219,脵 脴3脵聜脴路,,,脵 脴3脵聜脴路,On-site
220,Moirang,,,Moirang,On-site
221,Arecibo,,,Arecibo,On-site
222,Kathmandu,,,Kathmandu,On-site
223,France,,,France,On-site
224,International,,,International,On-site
225,Santo Domingo Este,,,Santo Domingo Este,On-site
226,Brasil,,,Brasil,On-site
227,Unknown,,,,On-site
228,Espa帽a,,,Espa帽a,On-site
229,Lima,Lima,Per煤,"Lima, Lima, Per煤",On-site
230,Can贸vanas,,,Can贸vanas,On-site
231,Madrid,Madrid,"Comunidad de Madrid, Espa帽a","Madrid, Madrid, Comunidad de Madrid, Espa帽a",On-site
232,Remote,,,,Remote
233,Unknown,,,,On-site
234,Remote,,,,Remote
235,Unknown,,,,On-site
236,脙聵脗搂脙聶脗聞脙聶脗 脙聵脗 虅脙聶脗聤脙聶脗聠脙聵脗漏,脙聵脗搂脙聶脗聞脙聶脗 脙聵脗 虅脙聶脗聤脙聶脗聠脙聵脗漏 脙聵脗搂脙聶脗聞脙聶脗 脙聵脗 虅脙聶脗聤脙聶脗聠脙聵脗漏 脙聵脗搂脙聶脗聞脙聵脗3脙聵脗1脙聶脗聢脙聵脗 虅脙聶脗聤脙聵脗漏,,"脙聵脗搂脙聶脗聞脙聶脗 脙聵脗 虅脙聶脗聤脙聶脗聠脙聵脗漏, 脙聵脗搂脙聶脗聞脙聶脗 脙聵脗 虅脙聶脗聤脙聶脗聠脙聵脗漏 脙聵脗搂脙聶脗聞脙聶脗 脙聵脗 虅脙聶脗聤脙聶脗聠脙聵脗漏 脙聵脗搂脙聶脗聞脙聵脗3脙聵脗1脙聶脗聢脙聵脗 虅脙聶脗聤脙聵脗漏",On-site
237,Ya脙垄脗聙脗聶ngamdo,,,Ya脙垄脗聙脗聶ngamdo,On-site
238,脙 虉脗聥脗聫脙楼脗路脗聻,,,脙 虉脗聥脗聫脙楼脗路脗聻,On-site
239,脙娄脗聺脗颅脙楼脗路脗聻,,,脙娄脗聺脗颅脙楼脗路脗聻,On-site
240,Espa脙聝脗卤a,,,Espa脙聝脗卤a,On-site
241,Lima,Lima,Per脙聝脗o,"Lima, Lima, Per脙聝脗o",On-site
242,Can脙聝脗3vanas,,,Can脙聝脗3vanas,On-site
243,脙楼脗聨脗娄脙漏脗聴脗 虉,,,脙楼脗聨脗娄脙漏脗聴脗 虉,On-site
244,脙聵脗拢脙聵脗 虉脙聶脗聢 脙聵脗 抬脙聵脗 虉脙聶脗聤,,,脙聵脗拢脙聵脗 虉脙聶脗聢 脙聵脗 抬脙聵脗 虉脙聶脗聤,On-site
245,Madrid,Madrid,"Comunidad de Madrid, Espa脙聝脗卤a","Madrid, Madrid, Comunidad de Madrid, Espa脙聝脗卤a",On-site
246,Remote,,,,Remote
247,脙聶脗 脙聵脗3脙聶脗聜脙聵脗路,,,脙聶脗 脙聵脗3脙聶脗聜脙聵脗路,On-site
248,Unknown,,,,On-site
249,Remote,,,,Remote
